,SID,ServiceName,ServiceAddress,ServiceEmail,ServiceWeb,ServiceTelephone,DateLastUpdated,rmade,raccepted,rcompleted,acc_r,com_r,r_made,r_acc,r_com,r_made_miss,r_acc_miss,r_com_miss,acc_r_miss,com_r_miss,ri_score
0,1,a,0,0,0,0,10/06/2022,279,201,174,0.7204301075268817,0.8656716417910447,0.5621765008857981,0.496250070310918,0.5299640517645717,,,,,,488.3834418891099
1,2,b,1,1,1,0,17/08/2021,369,347,254,0.940379403794038,0.7319884726224783,0.759510916949111,0.8092277361600781,0.7150421057009898,,,,,,762.4844054194916
2,3,c,1,0,0,0,04/02/2021,209,164,101,0.784688995215311,0.6158536585365854,0.389360766050778,0.40492152613386595,0.35205919791934975,,,,,,391.82832982398304
3,4,d,1,1,1,1,26/09/2021,295,211,146,0.7152542372881356,0.6919431279620853,0.6010878788483698,0.5212372149662741,0.46008511544443426,,,,,,690.7088576168153
4,5,a,1,0,0,0,23/05/2021,443,362,267,0.8171557562076749,0.7375690607734806,0.8687555305614768,0.8313184056021805,0.740774899182154,,,,,,614.7036388195334
5,6,b,1,0,0,0,06/09/2022,450,399,313,0.8866666666666667,0.7844611528822055,0.8765329524347759,0.8770730491671425,0.819061206847858,,,,,,652.891542769023
6,7,c,1,1,1,0,12/07/2022,319,279,222,0.8746081504702194,0.7956989247311828,0.6570104626734988,0.6824383021930648,0.6456563062257954,,,,,,716.2172532759633
7,8,d,1,0,0,0,09/07/2022,327,320,233,0.9785932721712538,0.728125,0.6748052725823135,0.7640475997974661,0.6704011598088686,,,,,,587.0726622092157
8,9,a,1,1,1,1,03/05/2022,277,217,137,0.7833935018050542,0.631336405529954,0.5572478545985555,0.5361866202317948,0.43782349911420193,,,,,,683.9981355814708
9,10,b,1,0,0,0,11/12/2021,344,311,311,0.9040697674418605,1.0,0.7109495026250039,0.7474390202201999,0.8160782725804958,,,,,,642.8517789027017
10,11,c,0,0,1,1,06/11/2022,122,93,89,0.7622950819672131,0.956989247311828,0.21081829347774714,0.2506779155948202,0.3251947274176865,,,,,,539.380810118353
11,12,d,0,1,1,0,19/01/2021,235,159,88,0.676595744680851,0.5534591194968553,0.45264238185691075,0.39293301192829644,0.323004143761477,,,,,,522.8668310345217
12,13,a,0,0,0,1,29/04/2022,480,430,375,0.8958333333333334,0.872093023255814,0.9055096310498407,0.9067852769181763,0.8937850083248244,,,,,,765.2317342895367
13,14,a,1,0,1,1,03/03/2021,108,26,0,0.24074074074074073,0.0,0.18846732521381943,0.14616523039738208,0.1652048701906146,,,,,,267.7812563911626
14,15,b,0,0,1,1,19/09/2021,232,226,210,0.9741379310344828,0.9292035398230089,0.4452207648927852,0.5584811124381613,0.617747874769249,,,,,,696.1217266088751
15,16,c,1,1,1,1,06/08/2022,230,190,133,0.8260869565217391,0.7,0.44028635073280703,0.46879062662624377,0.42800386706848137,,,,,,671.2565847614264
16,17,d,0,0,0,0,03/03/2022,2,0,0,0.0,0.7897727272727273,0.07446794516602807,0.11660296916113938,0.1652048701906146,,,,,1.0,176.31515566007837
17,18,a,1,1,0,0,05/02/2022,149,77,3,0.5167785234899329,0.03896103896103896,0.259225100817846,0.2218358150752995,0.1693838969340187,,,,,,262.489903888944
18,19,b,1,1,1,0,19/12/2022,186,109,29,0.5860215053763441,0.26605504587155965,0.3362613025956473,0.28191142481665016,0.2091593652130633,,,,,,412.21671444204065
19,20,c,0,0,1,1,08/09/2022,429,382,293,0.8904428904428905,0.7670157068062827,0.8519528019683106,0.857539197784512,0.7875131558774608,,,,,,792.9944235199165
20,21,d,0,0,1,0,05/11/2022,361,344,269,0.9529085872576177,0.7819767441860465,0.7445969158274759,0.8045533772735622,0.7445969158274759,,,,,,696.7126985187966
21,22,a,0,0,1,0,15/02/2021,343,317,284,0.924198250728863,0.8958990536277602,0.7088901725661199,0.7585964618789349,0.7720635494267837,,,,,,701.4842289582249
22,23,b,1,1,0,1,14/07/2021,214,201,164,0.9392523364485982,0.8159203980099502,0.401312339887548,0.496250070310918,0.5049998333399998,,,,,,639.6515350764638
23,24,c,1,0,1,0,15/07/2022,65,16,0,0.24615384615384617,0.0,0.1312444694385233,0.1341213249806608,0.1652048701906146,,,,,,181.03454011748383
24,25,d,1,0,1,0,08/05/2022,417,383,330,0.9184652278177458,0.8616187989556136,0.8361696387766411,0.858756492554925,0.8429045311145473,,,,,,741.2176444953035
25,26,a,0,1,1,0,25/02/2022,123,51,49,0.4146341463414634,0.9607843137254902,0.21248684412253915,0.18019897519805123,0.24416110090520296,,,,,,463.4254431219611
26,27,a,0,0,0,1,02/04/2022,288,243,199,0.84375,0.8189300411522634,0.5841905229354074,0.5998883688639983,0.5914589784327801,,,,,,605.8796786745305
27,28,b,1,0,0,1,01/09/2022,30,0,0,0.0,0.7897727272727273,0.09621554171069283,0.11660296916113938,0.1652048701906146,,,,,1.0,256.5840166669499
28,29,c,1,1,1,1,11/06/2022,66,0,0,0.0,0.7897727272727273,0.13238887354206538,0.11660296916113938,0.1652048701906146,,,,,1.0,415.99529848716105
29,30,d,0,0,1,0,04/09/2022,407,364,311,0.8943488943488943,0.8543956043956044,0.8220063142137535,0.8341044139014865,0.8160782725804958,,,,,,726.2974614523438
30,31,a,0,0,0,1,19/10/2022,380,363,362,0.9552631578947368,0.9972451790633609,0.7790261077798122,0.8327160444615168,0.8807970779778823,,,,,,760.7765487965091
31,32,b,1,0,1,1,09/05/2022,292,233,205,0.797945205479452,0.8798283261802575,0.5938731029341427,0.5756643510425494,0.6058736684317606,,,,,,685.105331395102
32,33,c,1,0,1,0,18/06/2021,471,442,353,0.9384288747346072,0.7986425339366516,0.8975229665559027,0.9164452330197453,0.8710191478537642,,,,,,757.2398086308725
33,34,d,0,1,0,0,01/10/2022,371,275,254,0.7412398921832885,0.9236363636363636,0.7631450157268554,0.6737070994545215,0.7150421057009898,,,,,,664.1185348772337
34,35,a,0,0,1,0,28/11/2021,222,182,152,0.8198198198198198,0.8351648351648352,0.42067574785125056,0.448928730692658,0.47502081252106,,,,,,538.4015301614805
35,36,b,0,0,0,0,02/09/2022,254,174,76,0.6850393700787402,0.4367816091954023,0.5,0.4292283881055083,0.29733934565526854,,,,,,361.2905712361414
36,37,c,1,1,0,1,15/09/2022,215,198,153,0.9209302325581395,0.7727272727272727,0.40371730070321216,0.4887518980531451,0.4775151752081999,,,,,,625.1756737307645
37,38,d,1,0,0,0,17/04/2021,356,302,234,0.848314606741573,0.7748344370860927,0.7349725994665188,0.7300743839811188,0.6726070170677604,,,,,,578.5850837450866
38,39,a,0,1,1,0,25/07/2022,174,152,148,0.8735632183908046,0.9736842105263158,0.31002551887238755,0.37636637170177395,0.4650570548417855,,,,,,615.1840575897028
39,40,a,0,0,0,0,08/02/2021,436,373,313,0.8555045871559633,0.839142091152815,0.86056612703835,0.8461866360207932,0.819061206847858,,,,,,649.301638187043
40,41,b,1,1,1,1,29/09/2022,360,355,310,0.9861111111111112,0.8732394366197183,0.7426905453026857,0.8212735763411496,0.8145725807070178,,,,,,882.7518846279512
41,42,c,1,1,1,0,28/03/2021,474,445,429,0.9388185654008439,0.9640449438202248,0.9002495108803148,0.918713920386427,0.9352330313932145,,,,,,870.3169187509268
42,43,d,0,0,1,1,31/10/2022,85,67,51,0.788235294117647,0.7611940298507462,0.1557758401237474,0.20505413508936485,0.2478708885604298,,,,,,485.86618272952853
43,44,a,0,0,0,0,06/11/2021,266,261,211,0.981203007518797,0.8084291187739464,0.5299640517645717,0.6422170929574377,0.6201064323430902,,,,,,551.0645697473606
44,45,b,1,1,0,1,03/07/2021,439,432,421,0.9840546697038725,0.9745370370370371,0.8641271029909058,0.9084620937066751,0.9302152171234199,,,,,,870.9840185479862
45,46,c,0,1,0,1,26/02/2022,473,448,376,0.9471458773784355,0.8392857142857143,0.8993479064358931,0.9209263231301599,0.8947306104774903,,,,,,846.3748356473372
46,47,d,1,1,0,0,24/03/2021,239,182,177,0.7615062761506276,0.9725274725274725,0.46257015465625045,0.448928730692658,0.5374298453437496,,,,,,566.6096122108859
47,48,a,0,0,0,0,19/05/2021,6,0,0,0.0,0.7897727272727273,0.07727220213665989,0.11660296916113938,0.1652048701906146,,,,,1.0,176.74657980940634
48,49,b,1,0,0,1,20/02/2022,442,393,327,0.8891402714932126,0.8320610687022901,0.8676111264579346,0.8704563810803216,0.8388910504234147,,,,,,738.1784458703345
49,50,c,1,1,0,1,10/08/2021,17,9,0,0.5294117647058824,0.0,0.08548913943480654,0.1261981878206837,0.1652048701906146,,,,,,293.27753263876724
50,51,d,0,0,1,1,09/12/2021,264,248,239,0.9393939393939394,0.9637096774193549,0.52497918747894,0.6118273690017371,0.6835208937363156,,,,,,726.6817026200441
51,52,a,0,1,0,1,06/02/2021,82,62,14,0.7560975609756098,0.22580645161290322,0.15187116365665929,0.19702388559384618,0.18542741929298223,,,,,,387.1117663280001
52,53,a,1,0,0,0,17/01/2022,300,264,175,0.88,0.6628787878787878,0.6130141761393355,0.6490805242445733,0.5324543063873187,,,,,,513.4504299461563
53,54,b,0,0,1,0,20/10/2022,413,344,322,0.8329297820823245,0.936046511627907,0.8306161030659813,0.8045533772735622,0.8320183851339245,,,,,,728.6406398744155
54,55,c,1,1,1,1,24/08/2021,337,251,170,0.744807121661721,0.6772908366533864,0.6963549298238342,0.6189278548001903,0.5199893401555818,,,,,,731.9030897068791
55,56,d,0,0,1,0,18/01/2022,336,318,240,0.9464285714285714,0.7547169811320755,0.6942363401080306,0.7604230019887311,0.6856801139382539,,,,,,667.9207705531788
56,57,a,1,0,1,0,02/12/2021,216,159,138,0.7361111111111112,0.8679245283018868,0.4061268970658573,0.39293301192829644,0.44028635073280703,,,,,,514.3664460215322
57,58,b,1,1,1,1,06/04/2022,300,226,178,0.7533333333333333,0.7876106194690266,0.6130141761393355,0.5584811124381613,0.5399148845555657,,,,,,731.131403990065
58,59,c,1,0,0,1,12/06/2022,273,192,129,0.7032967032967034,0.671875,0.5473576181430894,0.4737740906279313,0.4182406231581638,,,,,,509.92985157321345
59,60,d,1,1,1,0,12/11/2021,94,80,23,0.851063829787234,0.2875,0.16798161486607552,0.22705774060326145,0.19940775684866846,,,,,,420.46322186234454
60,61,a,0,0,1,1,01/07/2022,304,228,149,0.75,0.6535087719298246,0.6224593312018546,0.5634067862621936,0.4675456936126812,,,,,,624.1416281548545
61,62,b,0,0,1,0,05/11/2021,413,315,294,0.7627118644067796,0.9333333333333333,0.8306161030659813,0.7549149868676283,0.789181706522253,,,,,,703.1935375686116
62,63,c,1,0,1,1,09/10/2022,474,417,360,0.879746835443038,0.8633093525179856,0.9002495108803148,0.8952006205871756,0.8786811621082631,,,,,,833.4134586979657
63,64,d,1,0,1,0,14/02/2021,317,223,135,0.7034700315457413,0.6053811659192825,0.6524894621927444,0.551071269307342,0.4329070950345457,,,,,,530.0490806153316
64,65,a,0,0,0,0,20/06/2021,436,388,309,0.8899082568807339,0.7963917525773195,0.86056612703835,0.8647130921617369,0.8130573860319537,,,,,,649.9440945677068
65,66,a,1,1,1,0,17/03/2022,80,43,40,0.5375,0.9302325581395349,0.14931293453084377,0.16868159439781955,0.22793645057321624,,,,,,463.64054425252533
66,67,b,0,1,1,0,03/09/2021,246,170,72,0.6910569105691057,0.4235294117647059,0.48001065984441826,0.41945769517934034,0.289050497374996,,,,,,508.17002688193327
67,68,c,1,1,0,0,26/05/2022,146,103,5,0.7054794520547946,0.04854368932038835,0.2535060166623378,0.2699256160188812,0.1722163917338778,,,,,,299.9494101215815
68,69,d,1,0,0,1,01/08/2021,402,360,317,0.8955223880597015,0.8805555555555555,0.8145725807070178,0.8284952300245991,0.8249137318359602,,,,,,729.85530556659
69,70,a,1,1,0,0,19/12/2021,305,260,205,0.8524590163934426,0.7884615384615384,0.6248064744684293,0.6399160967377341,0.6058736684317606,,,,,,617.1564299219854
70,71,b,0,0,1,0,23/06/2022,219,194,178,0.8858447488584474,0.9175257731958762,0.41338242108267,0.4787627850337259,0.5399148845555657,,,,,,574.6816327271208
71,72,c,0,0,0,0,21/03/2022,350,305,287,0.8714285714285714,0.940983606557377,0.7231218051243898,0.7359453939271484,0.7772998611746911,,,,,,622.8891135711043
72,73,d,0,1,1,0,30/03/2021,58,47,42,0.8103448275862069,0.8936170212765957,0.12346704756522399,0.17436528561741307,0.23147521650098238,,,,,,497.42606131483416
73,74,a,1,1,0,0,09/06/2022,227,209,124,0.920704845814978,0.5933014354066986,0.4329070950345457,0.5162442810620724,0.4061268970658573,,,,,,518.3514699052541
74,75,b,1,0,0,1,03/09/2021,84,63,31,0.75,0.49206349206349204,0.1544652650835347,0.19861073488544276,0.21248684412253915,,,,,,355.0194363315398
75,76,c,1,0,0,0,14/07/2021,319,226,180,0.7084639498432602,0.7964601769911505,0.6570104626734988,0.5584811124381613,0.5448788923735801,,,,,,502.35301451071547
76,77,d,1,0,0,0,12/11/2021,407,326,288,0.800982800982801,0.8834355828220859,0.8220063142137535,0.7746924929149283,0.7790261077798122,,,,,,624.6374305712893
77,78,a,0,1,0,0,03/08/2021,109,29,0,0.26605504587155965,0.0,0.19000156601531298,0.14994914166403878,0.1652048701906146,,,,,,195.570865191004
78,79,a,1,0,1,0,06/02/2021,310,262,195,0.8451612903225807,0.7442748091603053,0.6364525402815664,0.6445115537062945,0.5817593768418363,,,,,,608.024549278859
79,80,b,1,0,0,0,17/05/2022,370,288,282,0.7783783783783784,0.9791666666666666,0.7613327148429104,0.7016149536154007,0.7685247834990175,,,,,,613.6949995388267
80,81,c,1,1,0,0,17/04/2022,196,149,143,0.7602040816326531,0.959731543624161,0.35893259366518293,0.36935147434892557,0.45264238185691075,,,,,,523.2095500196666
81,82,d,0,0,0,1,27/08/2022,390,387,327,0.9923076923076923,0.8449612403100775,0.7957596977159083,0.8635389761872861,0.8388910504234147,,,,,,743.9167164529813
82,83,a,0,1,0,1,25/04/2022,263,249,212,0.9467680608365019,0.8514056224899599,0.5224848247918001,0.6141996427768951,0.6224593312018546,,,,,,701.1257664764632
83,84,b,0,1,1,0,12/07/2021,192,107,54,0.5572916666666666,0.5046728971962616,0.34978145142617295,0.27788039415064275,0.2535060166623378,,,,,,452.7896040157048
84,85,c,0,0,1,0,14/09/2021,205,192,108,0.9365853658536586,0.5625,0.3798935676569099,0.4737740906279313,0.3681875822638983,,,,,,495.5293240619074
85,86,d,0,0,0,0,22/05/2022,280,257,176,0.9178571428571428,0.6848249027237354,0.5646362918030292,0.6329747766804606,0.5349429451582145,,,,,,513.1132398803973
86,87,a,0,1,1,0,11/08/2021,79,30,6,0.379746835443038,0.2,0.14804719803168948,0.15122825250907418,0.17364664701900503,,,,,,315.79522046197025
87,88,b,1,0,0,0,01/03/2021,215,132,36,0.6139534883720931,0.2727272727272727,0.40371730070321216,0.33070459722255396,0.22097389222018782,,,,,,283.39639249927995
88,89,c,1,0,0,0,18/08/2022,364,291,220,0.7994505494505495,0.7560137457044673,0.7502601055951177,0.7078572714244814,0.6410674063348171,,,,,,562.2537043860666
89,90,d,1,1,0,0,24/11/2022,309,233,226,0.7540453074433657,0.9699570815450643,0.6341355910108007,0.5756643510425494,0.6547534606063192,,,,,,629.0085833304768
90,91,a,0,0,1,0,11/03/2022,152,131,37,0.8618421052631579,0.2824427480916031,0.2650274005334812,0.3284949657745942,0.22270013882530884,,,,,,378.53959361356084
91,92,a,0,1,1,1,05/02/2021,195,109,37,0.558974358974359,0.3394495412844037,0.35663485430559827,0.28191142481665016,0.22270013882530884,,,,,,501.4877412625107
92,93,b,1,1,0,1,22/03/2022,40,2,0,0.05,0.0,0.10526938952250978,0.11867895281641451,0.1652048701906146,,,,,,221.40818654300597
93,94,c,0,1,1,0,19/11/2022,151,84,0,0.5562913907284768,0.0,0.2630841041665798,0.23415437418020288,0.1652048701906146,,,,,,341.34380604090376
94,95,d,1,1,0,0,14/12/2022,357,340,319,0.9523809523809523,0.9382352941176471,0.7369158958334202,0.7981867777396212,0.8277836082661223,,,,,,731.3080812827328
95,96,a,1,0,1,1,25/04/2022,471,430,408,0.9129511677282378,0.9488372093023256,0.8975229665559027,0.9067852769181763,0.9212896628294649,,,,,,859.5978897437088
96,97,b,1,1,1,0,06/05/2022,360,273,266,0.7583333333333333,0.9743589743589743,0.7426905453026857,0.669295402777446,0.7388500060842489,,,,,,751.3120402856442
97,98,c,0,0,1,0,10/03/2021,92,82,63,0.8913043478260869,0.7682926829268293,0.1652048701906146,0.2305869387712515,0.27091207765069353,,,,,,434.81552574853475
98,99,d,0,0,1,0,09/03/2021,404,381,366,0.943069306930693,0.9606299212598425,0.8175744761936437,0.856313167241171,0.8849332679544502,,,,,,763.4646368584307
99,100,a,0,1,1,1,14/06/2021,254,231,188,0.9094488188976378,0.8138528138528138,0.5,0.5707716118944918,0.5646362918030292,,,,,,747.4937748381496
100,101,b,0,1,1,0,12/06/2022,279,238,160,0.8530465949820788,0.6722689075630253,0.5621765008857981,0.5878295384825115,0.4950001666600003,,,,,,641.5879551651406
101,102,c,1,0,1,0,24/01/2021,384,325,294,0.8463541666666666,0.9046153846153846,0.7858349830425586,0.7729422593967386,0.789181706522253,,,,,,707.5274615759386
102,103,d,0,0,1,1,26/05/2021,14,0,0,0.0,0.7897727272727273,0.08317269649392238,0.11660296916113938,0.1652048701906146,,,,,1.0,331.50050201821597
103,104,a,1,0,1,1,19/07/2021,266,250,249,0.9398496240601504,0.996,0.5299640517645717,0.6165665045213193,0.7047456979980911,,,,,,736.4809043606358
104,105,a,0,0,1,1,23/12/2021,345,251,224,0.7275362318840579,0.8924302788844621,0.7130001627522816,0.6189278548001903,0.6502185485738271,,,,,,708.0173964453568
105,106,b,0,0,0,1,23/02/2021,126,103,93,0.8174603174603174,0.9029126213592233,0.2175502235768875,0.2699256160188812,0.3340330732481797,,,,,,467.9818233328445
106,107,c,1,0,0,0,17/05/2022,358,322,275,0.8994413407821229,0.8540372670807453,0.7388500060842489,0.7676341173216251,0.7558388990947971,,,,,,617.8156354405445
107,108,d,1,0,1,1,28/09/2021,372,352,283,0.946236559139785,0.8039772727272727,0.7649478037637647,0.816827559480949,0.7702989490466019,,,,,,784.9674067935957
108,109,a,0,1,1,0,28/07/2022,40,30,0,0.75,0.0,0.10526938952250978,0.15122825250907418,0.1652048701906146,,,,,,334.1080788034152
109,110,b,0,1,1,1,29/06/2022,293,266,199,0.9078498293515358,0.7481203007518797,0.5962826992967879,0.653622330899504,0.5914589784327801,,,,,,768.8206367280751
110,111,c,1,1,1,0,28/09/2021,45,0,0,0.0,0.7897727272727273,0.11007257436250302,0.11660296916113938,0.1652048701906146,,,,,1.0,335.63894476722834
111,112,d,0,0,0,0,25/03/2021,222,203,199,0.9144144144144144,0.9802955665024631,0.42067574785125056,0.5012499973958399,0.5914589784327801,,,,,,524.3222622456535
112,113,a,1,0,0,0,20/02/2021,448,418,319,0.9330357142857143,0.7631578947368421,0.8743521434846544,0.8961350844877304,0.8277836082661223,,,,,,660.6868377324713
113,114,b,0,1,1,1,28/02/2022,36,10,0,0.2777777777777778,0.0,0.10156092789763664,0.1273050380753717,0.1652048701906146,,,,,,334.13055599098476
114,115,c,1,0,1,0,14/05/2022,17,0,0,0.0,0.7897727272727273,0.08548913943480654,0.11660296916113938,0.1652048701906146,,,,,1.0,254.93380093219815
115,116,d,0,0,0,0,11/11/2022,213,181,159,0.8497652582159625,0.8784530386740331,0.3989121211516302,0.4464560968488817,0.4925005624493796,,,,,,471.70570420613643
116,117,a,0,1,1,1,30/03/2021,34,8,0,0.23529411764705882,0.0,0.09975048911968513,0.12509958153381529,0.1652048701906146,,,,,,326.97677822941137
117,118,a,0,1,1,1,09/03/2022,190,145,133,0.7631578947368421,0.9172413793103448,0.3452465393936808,0.36008390326226586,0.42800386706848137,,,,,,663.6513205802485
118,119,b,0,1,1,1,28/06/2022,9,0,0,0.0,0.7897727272727273,0.07943854918397836,0.11660296916113938,0.1652048701906146,,,,,1.0,407.849094739763
119,120,c,1,0,0,0,21/06/2021,280,213,170,0.7607142857142857,0.7981220657276995,0.5646362918030292,0.5262259093720687,0.5199893401555818,,,,,,487.6442911957946
120,121,d,0,1,0,1,11/11/2022,413,410,327,0.9927360774818402,0.7975609756097561,0.8306161030659813,0.8884494598171035,0.8388910504234147,,,,,,822.8082563689378
121,122,a,0,1,0,0,14/10/2022,190,176,155,0.9263157894736842,0.8806818181818182,0.3452465393936808,0.4341349971045183,0.48250714233361025,,,,,,549.0594286903556
122,123,b,0,0,1,0,24/06/2021,469,457,405,0.9744136460554371,0.8862144420131292,0.8956687768809987,0.927236891235625,0.9190865327845347,,,,,,785.0185059953423
123,124,c,0,1,1,0,26/04/2021,293,211,200,0.7201365187713311,0.9478672985781991,0.5962826992967879,0.5212372149662741,0.5938731029341427,,,,,,673.7533591610362
124,125,d,1,0,0,0,09/03/2022,147,72,12,0.4897959183673469,0.16666666666666666,0.25540308417252405,0.21332472781586043,0.18242552380635635,,,,,,201.17168012750068
125,126,a,0,1,0,1,23/11/2021,38,0,0,0.0,0.7897727272727273,0.10340045145824957,0.11660296916113938,0.1652048701906146,,,,,1.0,334.6124643204202
126,127,b,0,1,0,1,11/08/2022,80,17,3,0.2125,0.17647058823529413,0.14931293453084377,0.13528690783826308,0.1693838969340187,,,,,,283.53143500591074
127,128,c,1,1,1,0,03/09/2021,306,274,177,0.8954248366013072,0.6459854014598541,0.6271477663131956,0.6715050342254059,0.5374298453437496,,,,,,673.4604436836172
128,129,d,1,1,1,1,17/07/2021,497,439,362,0.8832997987927566,0.8246013667425968,0.9190865327845347,0.9141191457987734,0.8807970779778823,,,,,,911.0621418610068
129,130,a,0,1,0,0,25/07/2022,138,63,0,0.45652173913043476,0.0,0.23866728515708963,0.19861073488544276,0.1652048701906146,,,,,,239.84686605593566
130,131,a,0,1,1,1,01/10/2022,257,211,125,0.8210116731517509,0.5924170616113744,0.5074994375506203,0.5212372149662741,0.40854102156721994,,,,,,669.33944751496
131,132,b,1,1,0,0,30/05/2022,176,97,23,0.5511363636363636,0.23711340206185566,0.31431988606174616,0.25826612006856875,0.19940775684866846,,,,,,316.9605428734158
132,133,c,1,1,1,0,12/12/2021,92,43,0,0.4673913043478261,0.0,0.1652048701906146,0.16868159439781955,0.1652048701906146,,,,,,302.53579063490383
133,134,d,1,1,0,1,15/11/2021,142,73,49,0.5140845070422535,0.6712328767123288,0.2460112835510519,0.2150077113718924,0.24416110090520296,,,,,,444.6919199358046
134,135,a,0,0,1,1,11/02/2021,15,0,0,0.0,0.7897727272727273,0.08393843189755812,0.11660296916113938,0.1652048701906146,,,,,1.0,331.61830746492916
135,136,b,1,0,0,1,28/01/2022,344,307,250,0.8924418604651163,0.8143322475570033,0.7109495026250039,0.7398136066696879,0.7068222210935676,,,,,,671.4399136015968
136,137,c,0,0,1,0,19/04/2021,397,380,309,0.9571788413098237,0.8131578947368421,0.8069013157667836,0.8550783685121771,0.8130573860319537,,,,,,730.0575086703968
137,138,d,1,0,0,1,21/09/2021,97,37,0,0.38144329896907214,0.0,0.1722163917338778,0.16043432981532557,0.1652048701906146,,,,,,212.19982933982925
138,139,a,1,1,1,0,26/07/2021,264,199,158,0.7537878787878788,0.7939698492462312,0.52497918747894,0.4912508931197597,0.4900013331200346,,,,,,623.6906371927453
139,140,b,0,1,1,0,25/02/2022,395,329,298,0.8329113924050633,0.9057750759878419,0.8037659436342208,0.7798856290007258,0.7957596977159083,,,,,,787.3996521144246
140,141,c,1,1,1,1,25/10/2021,94,80,23,0.851063829787234,0.2875,0.16798161486607552,0.22705774060326145,0.19940775684866846,,,,,,497.3862987854215
141,142,d,1,0,0,0,18/11/2022,171,109,100,0.6374269005847953,0.9174311926605505,0.3036450701761659,0.28191142481665016,0.34978145142617295,,,,,,383.10708302528224
142,143,a,1,1,0,1,16/05/2022,256,183,181,0.71484375,0.9890710382513661,0.5049998333399998,0.4514038914168657,0.5473576181430894,,,,,,647.3347894078955
143,144,a,0,0,1,0,13/11/2022,286,270,242,0.9440559440559441,0.8962962962962963,0.5793242521487495,0.6626218371700825,0.6899744811276125,,,,,,657.2727401228746
144,145,b,1,0,0,1,18/03/2022,391,299,299,0.7647058823529411,1.0,0.7973801535688696,0.7241217707708186,0.7973801535688696,,,,,,705.167378501769
145,146,c,1,1,1,0,22/02/2021,460,397,378,0.8630434782608696,0.9521410579345088,0.8869541699279211,0.8749004184661847,0.8965995485417504,,,,,,842.0982574048054
146,147,d,1,1,0,1,02/03/2022,327,250,203,0.764525993883792,0.812,0.6748052725823135,0.6165665045213193,0.6010878788483698,,,,,,687.5362538208915
147,148,a,0,1,1,1,24/08/2021,383,371,307,0.9686684073107049,0.8274932614555256,0.7841471891774855,0.8435654789402574,0.8099984339846871,,,,,,882.1342724413323
148,149,b,1,0,0,1,04/10/2022,401,359,318,0.8952618453865336,0.8857938718662952,0.8130573860319537,0.8270696501038614,0.826353352980995,,,,,,730.3901702107136
149,150,c,1,1,0,1,03/11/2022,184,92,52,0.5,0.5652173913043478,0.3318122278318339,0.24880421776913866,0.24973989440488234,,,,,,445.4728817400312
150,151,d,1,0,1,1,29/12/2021,75,45,0,0.6,0.0,0.14307272348008082,0.17150476997540087,0.1652048701906146,,,,,,319.9665174840148
151,152,a,0,0,0,1,26/11/2021,7,0,0,0.0,0.7897727272727273,0.07798823512936635,0.11660296916113938,0.1652048701906146,,,,,1.0,253.77981565443807
152,153,b,1,0,0,0,12/06/2021,262,241,185,0.9198473282442748,0.7676348547717843,0.5199893401555818,0.595078473866134,0.5572478545985555,,,,,,516.89197717482
153,154,c,0,1,0,0,13/12/2022,378,375,363,0.9920634920634921,0.968,0.7755640142690734,0.8487717474909259,0.8818430221907305,,,,,,764.0372732329571
154,155,d,0,0,1,1,24/06/2021,178,90,19,0.5056179775280899,0.2111111111111111,0.31864626621097447,0.24508501313237172,0.19309868423321644,,,,,,380.5475464947329
155,156,a,0,0,0,1,22/02/2021,325,292,248,0.8984615384615384,0.8493150684931506,0.6704011598088686,0.7099209183344533,0.7026606543447315,,,,,,666.2706676065758
156,157,a,0,1,0,1,12/07/2021,192,128,87,0.6666666666666666,0.6796875,0.34978145142617295,0.3219117504483725,0.320821300824607,,,,,,513.6721029793569
157,158,b,1,1,1,1,12/10/2021,228,210,114,0.9210526315789473,0.5428571428571428,0.4353637081969708,0.5187412158785352,0.382252125230751,,,,,,661.5795113449764
158,159,c,0,0,1,1,10/06/2022,487,438,379,0.8993839835728953,0.865296803652968,0.9113313367452667,0.9133308344891328,0.8975229665559027,,,,,,844.1332192332561
159,160,d,1,0,0,1,11/02/2021,74,45,0,0.6081081081081081,0.0,0.14185106490048777,0.17150476997540087,0.1652048701906146,,,,,,244.10289433455557
160,161,a,1,1,1,1,22/10/2022,478,399,312,0.8347280334728033,0.7819548872180451,0.9037844582893072,0.8770730491671425,0.8175744761936437,,,,,,879.2484468216833
161,162,b,0,0,1,1,11/08/2021,299,214,196,0.7157190635451505,0.9158878504672897,0.610639233949222,0.5287183569514396,0.5841905229354074,,,,,,670.0238504382322
162,163,c,1,0,1,1,02/10/2022,87,17,0,0.19540229885057472,0.0,0.15842417884495583,0.13528690783826308,0.1652048701906146,,,,,,254.51050088067817
163,164,d,1,1,0,1,19/07/2021,28,7,0,0.25,0.0,0.09449036895015929,0.12400918177139829,0.1652048701906146,,,,,,251.33914167879573
164,165,a,1,0,1,1,09/01/2022,371,352,318,0.9487870619946092,0.9034090909090909,0.7631450157268554,0.816827559480949,0.826353352980995,,,,,,809.0033970911537
165,166,b,0,1,1,0,28/08/2021,247,239,203,0.9676113360323887,0.8493723849372385,0.48250714233361025,0.5902502519301834,0.6010878788483698,,,,,,690.8967683202754
166,167,c,1,0,1,1,18/08/2022,361,333,274,0.9224376731301939,0.8228228228228228,0.7445969158274759,0.7866752721841397,0.7539887164489482,,,,,,773.9263692943971
167,168,d,1,1,1,1,07/07/2022,5,0,0,0.0,0.7897727272727273,0.07656219735181215,0.11660296916113938,0.1652048701906146,,,,,1.0,407.4065790732759
168,169,a,0,1,0,1,25/12/2021,164,68,23,0.4146341463414634,0.3382352941176471,0.289050497374996,0.2066890128374418,0.19940775684866846,,,,,,376.6179550031103
169,170,a,0,1,1,0,21/01/2021,397,348,258,0.8765743073047859,0.7413793103448276,0.8069013157667836,0.8107667463605056,0.7231218051243898,,,,,,762.8836130617374
170,171,b,1,0,1,0,26/06/2021,33,2,0,0.06060606060606061,0.0,0.09885607317816938,0.11867895281641451,0.1652048701906146,,,,,,145.13014719865527
171,172,c,0,1,0,0,04/06/2021,44,0,0,0.0,0.7897727272727273,0.10909682119561294,0.11660296916113938,0.1652048701906146,,,,,1.0,258.5657519723222
172,173,d,1,0,1,0,19/03/2022,59,35,0,0.5932203389830508,0.0,0.12455335818741645,0.15775868701896992,0.1652048701906146,,,,,,237.03650067385414
173,174,a,1,0,1,0,13/06/2021,220,176,139,0.8,0.7897727272727273,0.4158094770645927,0.4341349971045183,0.44275214540144436,,,,,,520.3798995143511
174,175,b,0,1,0,1,23/02/2021,231,202,165,0.8744588744588745,0.8168316831683168,0.44275214540144436,0.49875000260416025,0.5074994375506203,,,,,,636.9680220282178
175,176,c,0,1,1,0,22/09/2021,383,305,300,0.7963446475195822,0.9836065573770492,0.7841471891774855,0.7359453939271484,0.7989910002494707,,,,,,784.4668905001132
176,177,d,1,0,0,1,14/11/2021,41,0,0,0.0,0.7897727272727273,0.10621499167517556,0.11660296916113938,0.1652048701906146,,,,,1.0,258.1223935845626
177,178,a,1,0,0,0,27/01/2022,469,417,322,0.8891257995735607,0.7721822541966427,0.8956687768809987,0.8952006205871756,0.8320183851339245,,,,,,659.1070517495848
178,179,b,0,1,0,1,25/08/2022,419,396,351,0.9451073985680191,0.8863636363636364,0.8388910504234147,0.8738018121793163,0.8687555305614768,,,,,,832.7568350916712
179,180,c,0,0,0,0,29/08/2022,394,338,294,0.8578680203045685,0.8698224852071006,0.8021838885585818,0.7949458649106351,0.789181706522253,,,,,,632.9233793081753
180,181,d,0,1,0,1,15/01/2022,206,199,171,0.9660194174757282,0.8592964824120602,0.382252125230751,0.4912508931197597,0.5224848247918001,,,,,,649.4313450815537
181,182,a,0,1,0,1,23/10/2022,65,65,23,1.0,0.35384615384615387,0.1312444694385233,0.20181322226037884,0.19940775684866846,,,,,,444.04793882980374
182,183,a,0,1,0,1,16/12/2022,51,0,0,0.0,0.7897727272727273,0.11608892206899481,0.11660296916113938,0.1652048701906146,,,,,1.0,336.5645367220733
183,184,b,1,0,0,0,29/01/2021,336,255,179,0.7589285714285714,0.7019607843137254,0.6942363401080306,0.6283161882953663,0.542397940774351,,,,,,511.6676653723147
184,185,c,0,1,0,0,17/11/2021,220,133,101,0.6045454545454545,0.7593984962406015,0.4158094770645927,0.3329217229043748,0.35205919791934975,,,,,,456.1129767191344
185,186,d,1,0,0,1,10/09/2021,290,277,235,0.9551724137931035,0.8483754512635379,0.5890404340586651,0.6780882495516275,0.6748052725823135,,,,,,653.1510494229611
186,187,a,1,0,1,1,21/10/2021,34,0,0,0.0,0.7897727272727273,0.09975048911968513,0.11660296916113938,0.1652048701906146,,,,,1.0,334.0509316529487
187,188,b,1,0,0,0,20/04/2021,189,161,90,0.8518518518518519,0.5590062111801242,0.34298953732650117,0.39771382311136927,0.32739298293223956,,,,,,381.37760098493635
188,189,c,1,1,0,0,14/10/2022,381,332,237,0.8713910761154856,0.713855421686747,0.7807427479121283,0.7849922886281077,0.679178699175393,,,,,,666.1784974642864
189,190,d,0,0,0,0,25/09/2021,219,188,170,0.8584474885844748,0.9042553191489362,0.41338242108267,0.4638133797682053,0.5199893401555818,,,,,,486.1366074984412
190,191,a,1,1,1,1,13/06/2021,78,50,0,0.6410256410256411,0.0,0.14679033980138237,0.17872642365885044,0.1652048701906146,,,,,,404.88419610407516
191,192,b,0,1,1,1,11/10/2022,157,111,19,0.7070063694267515,0.17117117117117117,0.2748805022101769,0.28597777322269835,0.19309868423321644,,,,,,481.86684619446373
192,193,c,0,0,0,1,08/09/2021,451,434,412,0.9623059866962306,0.9493087557603687,0.8776111131769512,0.9101117367460411,0.9241418199787566,,,,,,788.2276019012844
193,194,d,0,1,1,0,05/07/2021,163,113,76,0.6932515337423313,0.672566371681416,0.2869998372477183,0.2900790816655468,0.29733934565526854,,,,,,498.49787230650475
194,195,a,1,1,1,1,23/09/2021,66,54,0,0.8181818181818182,0.0,0.13238887354206538,0.1846733863969171,0.1652048701906146,,,,,,430.83829974021774
195,196,a,1,1,0,0,06/12/2021,131,37,0,0.2824427480916031,0.0,0.2261814257305462,0.16043432981532557,0.1652048701906146,,,,,,205.27128828124455
196,197,b,0,1,1,1,27/11/2021,345,330,254,0.9565217391304348,0.7696969696969697,0.7130001627522816,0.7815974639023655,0.7150421057009898,,,,,,836.2859140281602
197,198,c,0,0,0,0,10/11/2022,109,69,0,0.6330275229357798,0.0,0.19000156601531298,0.20833350927014557,0.1652048701906146,,,,,,184.08730283259274
198,199,d,0,0,0,0,22/01/2022,19,0,0,0.0,0.7897727272727273,0.08706577244027125,0.11660296916113938,0.1652048701906146,,,,,1.0,178.2532829330389
199,200,a,0,0,1,0,09/08/2022,262,245,239,0.9351145038167938,0.9755102040816327,0.5199893401555818,0.6046790847140093,0.6835208937363156,,,,,,649.0483117698974
200,201,b,0,1,1,1,30/10/2021,237,222,217,0.9367088607594937,0.9774774774774775,0.45760205922564895,0.5485961085831343,0.6341355910108007,,,,,,777.6184764702393
201,202,c,1,1,0,1,12/11/2021,305,299,230,0.980327868852459,0.7692307692307693,0.6248064744684293,0.7241217707708186,0.6637386974043528,,,,,,732.6500893425891
202,203,d,1,0,1,1,03/04/2021,120,82,0,0.6833333333333333,0.0,0.20751005855963559,0.2305869387712515,0.1652048701906146,,,,,,351.79003090074383
203,204,a,0,0,1,0,21/05/2022,254,163,86,0.6417322834645669,0.5276073619631901,0.5,0.40251423417298393,0.31864626621097447,,,,,,444.6923301248793
204,205,b,0,1,1,1,31/08/2022,178,126,86,0.7078651685393258,0.6825396825396826,0.31864626621097447,0.3175616978069352,0.31864626621097447,,,,,,591.5783202012143
205,206,c,0,1,0,1,31/10/2021,313,217,183,0.6932907348242812,0.8433179723502304,0.6433651456944017,0.5361866202317948,0.5523079095743253,,,,,,656.6874434884667
206,207,d,0,1,0,1,12/01/2022,79,19,0,0.24050632911392406,0.0,0.14804719803168948,0.13764370760149627,0.1652048701906146,,,,,,260.2157084519576
207,208,a,0,0,1,1,18/05/2021,439,390,351,0.8883826879271071,0.9,0.8641271029909058,0.8670357598021706,0.8687555305614768,,,,,,828.9693971202555
208,209,a,1,0,0,0,18/05/2021,390,351,351,0.9,1.0,0.7957596977159083,0.8153266136030829,0.8687555305614768,,,,,,673.8218218277644
209,210,b,1,1,1,1,18/10/2022,263,164,159,0.623574144486692,0.9695121951219512,0.5224848247918001,0.40492152613386595,0.4925005624493796,,,,,,694.306654305183
210,211,c,0,0,1,1,23/11/2022,496,470,468,0.9475806451612904,0.9957446808510638,0.9183397445384054,0.9355352341624104,0.9552122969502131,,,,,,884.9865541020589
211,212,d,0,0,1,0,10/05/2021,12,0,0,0.0,0.7897727272727273,0.08166025546159467,0.11660296916113938,0.1652048701906146,,,,,1.0,254.34474185939632
212,213,a,1,1,1,0,13/12/2021,435,367,352,0.8436781609195402,0.9591280653950953,0.8593618742658659,0.838214140560456,0.8698915256370021,,,,,,826.1959641196861
213,214,b,1,1,1,1,09/08/2021,443,377,369,0.8510158013544018,0.9787798408488063,0.8687555305614768,0.8513210454160925,0.8879529614430097,,,,,,913.5115660959672
214,215,c,0,0,0,0,01/03/2022,328,262,214,0.7987804878048781,0.816793893129771,0.676995856238523,0.6445115537062945,0.6271477663131956,,,,,,548.3430087988711
215,216,d,1,1,0,0,04/07/2021,99,95,72,0.9595959595959596,0.7578947368421053,0.1750862681640398,0.25445338587359734,0.289050497374996,,,,,,451.70474582318434
216,217,a,1,1,0,0,09/05/2021,385,331,330,0.8597402597402597,0.9969788519637462,0.7875131558774608,0.7832996849890409,0.8429045311145473,,,,,,733.9133051823161
217,218,b,1,0,1,0,01/10/2022,60,0,0,0.0,0.7897727272727273,0.12564785651534566,0.11660296916113938,0.1652048701906146,,,,,1.0,261.1120650984349
218,219,c,0,0,1,0,11/08/2021,219,128,90,0.5844748858447488,0.703125,0.41338242108267,0.3219117504483725,0.32739298293223956,,,,,,438.5056985089278
219,220,d,0,0,0,1,15/12/2022,153,139,99,0.9084967320261438,0.7122302158273381,0.26697985076114245,0.34637766910049594,0.34751053780725555,,,,,,474.09153931113474
220,221,a,1,1,1,0,03/11/2021,323,273,240,0.8452012383900929,0.8791208791208791,0.6659669267518202,0.669295402777446,0.6856801139382539,,,,,,730.0407016889989
221,222,a,1,0,1,0,06/04/2021,38,0,0,0.0,0.7897727272727273,0.10340045145824957,0.11660296916113938,0.1652048701906146,,,,,1.0,257.68938739734324
222,223,b,1,0,0,1,21/09/2022,393,298,256,0.7582697201017812,0.8590604026845637,0.8005922431513315,0.7221196058493572,0.7190996574163839,,,,,,670.6371737236027
223,224,c,0,0,1,1,08/06/2022,444,434,356,0.9774774774774775,0.8202764976958525,0.8698915256370021,0.9101117367460411,0.8743521434846544,,,,,,838.7860586216966
224,225,d,1,0,1,1,20/08/2021,237,172,82,0.7257383966244726,0.47674418604651164,0.45760205922564895,0.42433564895745063,0.31002551887238755,,,,,,522.222432265611
225,226,a,1,1,0,1,04/12/2022,349,308,254,0.8825214899713467,0.8246753246753247,0.7211151780228631,0.7417338799314313,0.7150421057009898,,,,,,751.5519966618392
226,227,b,1,1,0,1,05/04/2021,349,283,279,0.8108882521489972,0.9858657243816255,0.7211151780228631,0.6910430124157229,0.7631450157268554,,,,,,764.931874260933
227,228,c,0,0,0,1,25/11/2022,174,89,56,0.5114942528735632,0.6292134831460674,0.31002551887238755,0.24323954938018943,0.2573094546973142,,,,,,377.1203475337726
228,229,d,1,0,1,1,08/02/2021,130,60,23,0.46153846153846156,0.38333333333333336,0.22443598573092652,0.1938789378238599,0.19940775684866846,,,,,,378.86068850388455
229,230,a,1,0,0,0,29/10/2021,179,136,103,0.7597765363128491,0.7573529411764706,0.320821300824607,0.3396173269207839,0.35663485430559827,,,,,,389.8773783908168
230,231,b,0,0,0,0,16/08/2021,499,472,456,0.9458917835671342,0.9661016949152542,0.9205614508160216,0.9367309598875401,0.9497887268097336,,,,,,726.0114793839514
231,232,c,0,1,0,0,16/07/2022,129,128,80,0.9922480620155039,0.625,0.22270013882530884,0.3219117504483725,0.30576365989196946,,,,,,456.55747864325457
232,233,d,1,1,0,0,02/12/2021,162,93,4,0.5740740740740741,0.043010752688172046,0.28495789429901025,0.2506779155948202,0.17079548202237446,,,,,,280.5409413351463
233,234,a,1,0,1,1,28/09/2022,432,429,366,0.9930555555555556,0.8531468531468531,0.8556968659094812,0.9059365742081922,0.8849332679544502,,,,,,845.0414025806974
234,235,a,0,0,1,1,26/01/2022,162,160,106,0.9876543209876543,0.6625,0.28495789429901025,0.39532091528599067,0.36354745971843366,,,,,,568.3047061986291
235,236,b,1,0,1,0,17/12/2022,32,0,0,0.0,0.7897727272727273,0.09796880429755393,0.11660296916113938,0.1652048701906146,,,,,1.0,256.85374937262077
236,237,c,1,0,0,1,21/08/2021,15,4,0,0.26666666666666666,0.0,0.08393843189755812,0.12078684339420936,0.1652048701906146,,,,,,174.86104802293056
237,238,d,1,1,0,1,20/03/2021,6,0,0,0.0,0.7897727272727273,0.07727220213665989,0.11660296916113938,0.1652048701906146,,,,,1.0,330.5927336555602
238,239,a,0,0,1,1,08/04/2022,43,0,0,0.0,0.7897727272727273,0.10812866676200357,0.11660296916113938,0.1652048701906146,,,,,1.0,335.3398820594592
239,240,b,1,0,1,0,26/12/2021,409,380,285,0.9290953545232273,0.75,0.8249137318359602,0.8550783685121771,0.7738185742694538,,,,,,712.754773713972
240,241,c,0,1,1,0,21/08/2022,137,131,60,0.9562043795620438,0.4580152671755725,0.23685498427314458,0.3284949657745942,0.2650274005334812,,,,,,499.1687688182825
241,242,d,1,1,0,0,03/10/2021,298,280,254,0.9395973154362416,0.9071428571428571,0.6082590307465143,0.6846015003234307,0.7150421057009898,,,,,,669.9450475923128
242,243,a,1,1,1,1,28/03/2021,489,443,423,0.9059304703476483,0.9548532731376975,0.9129342275597286,0.9172077847338469,0.931502396275674,,,,,,941.9120233930146
243,244,b,1,0,0,1,02/05/2022,250,184,176,0.736,0.9565217391304348,0.4900013331200346,0.4538814589542204,0.5349429451582145,,,,,,564.822688671216
244,245,c,0,0,0,1,07/12/2022,195,111,47,0.5692307692307692,0.42342342342342343,0.35663485430559827,0.28597777322269835,0.24048908305088887,,,,,,365.5009081897505
245,246,d,0,1,1,1,08/06/2021,283,218,145,0.7703180212014135,0.6651376146788991,0.5719961329315186,0.538672605206508,0.45760205922564895,,,,,,692.8809897298444
246,247,a,0,0,1,1,19/05/2021,471,464,434,0.9851380042462845,0.9353448275862069,0.8975229665559027,0.9318207371981513,0.9381965337364114,,,,,,875.0804722035318
247,248,a,1,0,0,1,21/11/2021,92,47,30,0.5108695652173914,0.6382978723404256,0.1652048701906146,0.17436528561741307,0.21081829347774714,,,,,,338.3932133605526
248,249,b,0,0,0,0,28/03/2021,195,110,67,0.5641025641025641,0.6090909090909091,0.35663485430559827,0.2839402061842902,0.2788848219771369,,,,,,321.9466701016152
249,250,c,0,0,0,0,27/07/2021,147,137,66,0.9319727891156463,0.48175182481751827,0.25540308417252405,0.3418636849519819,0.27687819487561016,,,,,,351.9799350666586
